class,question
Description, What is Filename injection Path traversal ?
Description, What does Filename injection Path traversal mean ?
Description, Tell me something about Filename injection Path traversal ?
Description, Filename injection Path traversal
Description, Explain Filename injection Path traversal ?
Description, Elaborate Filename injection Path traversal ?
Description, Can you tell me about Filename injection Path traversal ?
Description, What do you know about Filename injection Path traversal ?
Description, What can you tell me about Filename injection Path traversal ?
Description, I want to know about XSS Filename injection Path traversal
Description, Do you have information about Filename injection Path traversal ?
Description, What is XSS injection ?
Description, What does XSS injection mean ?
Description, Tell me something about XSS injection ?
Description, XSS injection
Description, Explain XSS injection ?
Description, Elaborate XSS injection ?
Description, Can you tell me about XSS injection ?
Description, What do you know about XSS injection ?
Description, What can you tell me about XSS injection ?
Description, I want to know about XSS XSS injection
Description, Do you have information about XSS injection ?
Description, What is Command injection ?
Description, What does Command injection mean ?
Description, Tell me something about Command injection ?
Description, Command injection
Description, Explain Command injection ?
Description, Elaborate Command injection ?
Description, Can you tell me about Command injection ?
Description, What do you know about Command injection ?
Description, What can you tell me about Command injection ?
Description, I want to know about XSS Command injection
Description, Do you have information about Command injection ?
Description, What is Cross site request forgery ?
Description, What does Cross site request forgery mean ?
Description, Tell me something about Cross site request forgery ?
Description, Cross site request forgery
Description, Explain Cross site request forgery ?
Description, Elaborate Cross site request forgery ?
Description, Can you tell me about Cross site request forgery ?
Description, What do you know about Cross site request forgery ?
Description, What can you tell me about Cross site request forgery ?
Description, I want to know about XSS Cross site request forgery
Description, Do you have information about Cross site request forgery ?
Description, What is XXE injections ?
Description, What does XXE injections mean ?
Description, Tell me something about XXE injections ?
Description, XXE injections
Description, Explain XXE injections ?
Description, Elaborate XXE injections ?
Description, Can you tell me about XXE injections ?
Description, What do you know about XXE injections ?
Description, What can you tell me about XXE injections ?
Description, I want to know about XSS XXE injections
Description, Do you have information about XXE injections ?
Description, What is X Path injections ?
Description, What does X Path injections mean ?
Description, Tell me something about X Path injections ?
Description, X Path injections
Description, Explain X Path injections ?
Description, Elaborate X Path injections ?
Description, Can you tell me about X Path injections ?
Description, What do you know about X Path injections ?
Description, What can you tell me about X Path injections ?
Description, I want to know about XSS X Path injections
Description, Do you have information about X Path injections ?
Description, What is XML injection ?
Description, What does XML injection mean ?
Description, Tell me something about XML injection ?
Description, XML injection
Description, Explain XML injection ?
Description, Elaborate XML injection ?
Description, Can you tell me about XML injection ?
Description, What do you know about XML injection ?
Description, What can you tell me about XML injection ?
Description, I want to know about XSS XML injection
Description, Do you have information about XML injection ?
Description, What is XSLT injections ?
Description, What does XSLT injections mean ?
Description, Tell me something about XSLT injections ?
Description, XSLT injections
Description, Explain XSLT injections ?
Description, Elaborate XSLT injections ?
Description, Can you tell me about XSLT injections ?
Description, What do you know about XSLT injections ?
Description, What can you tell me about XSLT injections ?
Description, I want to know about XSS XSLT injections
Description, Do you have information about XSLT injections ?
Description, What is External DTD parsing ?
Description, What does External DTD parsing mean ?
Description, Tell me something about External DTD parsing ?
Description, External DTD parsing
Description, Explain External DTD parsing ?
Description, Elaborate External DTD parsing ?
Description, Can you tell me about External DTD parsing ?
Description, What do you know about External DTD parsing ?
Description, What can you tell me about External DTD parsing ?
Description, I want to know about XSS External DTD parsing
Description, Do you have information about External DTD parsing ?
Description, What is LDAP injection ?
Description, What does LDAP injection mean ?
Description, Tell me something about LDAP injection ?
Description, LDAP injection
Description, Explain LDAP injection ?
Description, Elaborate LDAP injection ?
Description, Can you tell me about LDAP injection ?
Description, What do you know about LDAP injection ?
Description, What can you tell me about LDAP injection ?
Description, I want to know about XSS LDAP injection
Description, Do you have information about LDAP injection ?
Description, What is SSI injections ?
Description, What does SSI injections mean ?
Description, Tell me something about SSI injections ?
Description, SSI injections
Description, Explain SSI injections ?
Description, Elaborate SSI injections ?
Description, Can you tell me about SSI injections ?
Description, What do you know about SSI injections ?
Description, What can you tell me about SSI injections ?
Description, I want to know about XSS SSI injections
Description, Do you have information about SSI injections ?
Description, What is File upload injections ?
Description, What does File upload injections mean ?
Description, Tell me something about File upload injections ?
Description, File upload injections
Description, Explain File upload injections ?
Description, Elaborate File upload injections ?
Description, Can you tell me about File upload injections ?
Description, What do you know about File upload injections ?
Description, What can you tell me about File upload injections ?
Description, I want to know about XSS File upload injections
Description, Do you have information about File upload injections ?
Solution, How to solve Filename injection Path traversal ?
Solution, How to resolve Filename injection Path traversal ?
Solution, How to mitigate Filename injection Path traversal ?
Solution, Solution for Filename injection Path traversal
Solution, Provide me some Solution for Filename injection Path traversal
Solution, mitigation for Filename injection Path traversal
Solution, How to stop Filename injection Path traversal ?
Solution, How to defend Filename injection Path traversal ?
Solution, How to get secured against Filename injection Path traversal ?
Solution, Solution Filename injection Path traversal
Solution, How to solve XSS injection ?
Solution, How to resolve XSS injection ?
Solution, How to mitigate XSS injection ?
Solution, Solution for XSS injection
Solution, Provide me some Solution for XSS injection
Solution, mitigation for XSS injection
Solution, How to stop XSS injection ?
Solution, How to defend XSS injection ?
Solution, How to get secured against XSS injection ?
Solution, Solution XSS injection
Solution, How to solve Command injection ?
Solution, How to resolve Command injection ?
Solution, How to mitigate Command injection ?
Solution, Solution for Command injection
Solution, Provide me some Solution for Command injection
Solution, mitigation for Command injection
Solution, How to stop Command injection ?
Solution, How to defend Command injection ?
Solution, How to get secured against Command injection ?
Solution, Solution Command injection
Solution, How to solve Cross site request forgery ?
Solution, How to resolve Cross site request forgery ?
Solution, How to mitigate Cross site request forgery ?
Solution, Solution for Cross site request forgery
Solution, Provide me some Solution for Cross site request forgery
Solution, mitigation for Cross site request forgery
Solution, How to stop Cross site request forgery ?
Solution, How to defend Cross site request forgery ?
Solution, How to get secured against Cross site request forgery ?
Solution, Solution Cross site request forgery
Solution, How to solve XXE injections ?
Solution, How to resolve XXE injections ?
Solution, How to mitigate XXE injections ?
Solution, Solution for XXE injections
Solution, Provide me some Solution for XXE injections
Solution, mitigation for XXE injections
Solution, How to stop XXE injections ?
Solution, How to defend XXE injections ?
Solution, How to get secured against XXE injections ?
Solution, Solution XXE injections
Solution, How to solve X Path injections ?
Solution, How to resolve X Path injections ?
Solution, How to mitigate X Path injections ?
Solution, Solution for X Path injections
Solution, Provide me some Solution for X Path injections
Solution, mitigation for X Path injections
Solution, How to stop X Path injections ?
Solution, How to defend X Path injections ?
Solution, How to get secured against X Path injections ?
Solution, Solution X Path injections
Solution, How to solve XML injection ?
Solution, How to resolve XML injection ?
Solution, How to mitigate XML injection ?
Solution, Solution for XML injection
Solution, Provide me some Solution for XML injection
Solution, mitigation for XML injection
Solution, How to stop XML injection ?
Solution, How to defend XML injection ?
Solution, How to get secured against XML injection ?
Solution, Solution XML injection
Solution, How to solve XSLT injections ?
Solution, How to resolve XSLT injections ?
Solution, How to mitigate XSLT injections ?
Solution, Solution for XSLT injections
Solution, Provide me some Solution for XSLT injections
Solution, mitigation for XSLT injections
Solution, How to stop XSLT injections ?
Solution, How to defend XSLT injections ?
Solution, How to get secured against XSLT injections ?
Solution, Solution XSLT injections
Solution, How to solve External DTD parsing ?
Solution, How to resolve External DTD parsing ?
Solution, How to mitigate External DTD parsing ?
Solution, Solution for External DTD parsing
Solution, Provide me some Solution for External DTD parsing
Solution, mitigation for External DTD parsing
Solution, How to stop External DTD parsing ?
Solution, How to defend External DTD parsing ?
Solution, How to get secured against External DTD parsing ?
Solution, Solution External DTD parsing
Solution, How to solve LDAP injection ?
Solution, How to resolve LDAP injection ?
Solution, How to mitigate LDAP injection ?
Solution, Solution for LDAP injection
Solution, Provide me some Solution for LDAP injection
Solution, mitigation for LDAP injection
Solution, How to stop LDAP injection ?
Solution, How to defend LDAP injection ?
Solution, How to get secured against LDAP injection ?
Solution, Solution LDAP injection
Solution, How to solve SSI injections ?
Solution, How to resolve SSI injections ?
Solution, How to mitigate SSI injections ?
Solution, Solution for SSI injections
Solution, Provide me some Solution for SSI injections
Solution, mitigation for SSI injections
Solution, How to stop SSI injections ?
Solution, How to defend SSI injections ?
Solution, How to get secured against SSI injections ?
Solution, Solution SSI injections
Solution, How to solve File upload injections ?
Solution, How to resolve File upload injections ?
Solution, How to mitigate File upload injections ?
Solution, Solution for File upload injections
Solution, Provide me some Solution for File upload injections
Solution, mitigation for File upload injections
Solution, How to stop File upload injections ?
Solution, How to defend File upload injections ?
Solution, How to get secured against File upload injections ?
Solution, Solution File upload injections
Code, Give me some sample code of Filename injection Path traversal
Code, Code example of Filename injection Path traversal ?
Code, Code of Filename injection Path traversal
Code, Give me some sample code of XSS injection
Code, Code example of XSS injection ?
Code, Code of XSS injection
Code, Give me some sample code of Command injection
Code, Code example of Command injection ?
Code, Code of Command injection
Code, Give me some sample code of Cross site request forgery
Code, Code example of Cross site request forgery ?
Code, Code of Cross site request forgery
Code, Give me some sample code of XXE injections
Code, Code example of XXE injections ?
Code, Code of XXE injections
Code, Give me some sample code of X Path injections
Code, Code example of X Path injections ?
Code, Code of X Path injections
Code, Give me some sample code of XML injection
Code, Code example of XML injection ?
Code, Code of XML injection
Code, Give me some sample code of XSLT injections
Code, Code example of XSLT injections ?
Code, Code of XSLT injections
Code, Give me some sample code of External DTD parsing
Code, Code example of External DTD parsing ?
Code, Code of External DTD parsing
Code, Give me some sample code of LDAP injection
Code, Code example of LDAP injection ?
Code, Code of LDAP injection
Code, Give me some sample code of SSI injections
Code, Code example of SSI injections ?
Code, Code of SSI injections
Code, Give me some sample code of File upload injections
Code, Code example of File upload injections ?
Code, Code of File upload injections
